video_name,accident_frame,dynamic_change,scene_complexity,window_length
000001.mp4,32,0.783203125,3,48
000002.mp4,30,0.779296875,3,50
000003.mp4,31,0.6923828125,8,49
000004.mp4,41,0.48486328125,2,39
000005.mp4,30,0.83642578125,4,50
000006.mp4,45,0.53662109375,2,35
000007.mp4,31,0.625,6,49
000008.mp4,38,0.47314453125,1,42
000009.mp4,35,0.55029296875,4,45
000010.mp4,31,0.86328125,1,49
000011.mp4,43,0.51025390625,3,37
000012.mp4,30,0.70458984375,4,50
000013.mp4,45,0.80419921875,3,35
000014.mp4,44,0.7158203125,4,36
000015.mp4,49,0.59814453125,3,31
000016.mp4,42,1.279296875,1,38
000017.mp4,47,0.80712890625,2,33
000018.mp4,40,0.345947265625,8,40
000019.mp4,42,0.78125,2,38
000020.mp4,39,0.64892578125,4,41
000021.mp4,31,0.8427734375,3,49
000022.mp4,44,0.533203125,4,36
000023.mp4,38,0.411376953125,7,42
000024.mp4,32,0.96337890625,1,48
000025.mp4,33,0.85498046875,2,47
000026.mp4,36,0.385986328125,7,44
000027.mp4,35,0.72802734375,3,45
000028.mp4,37,0.67578125,6,43
000029.mp4,35,0.73583984375,3,45
000030.mp4,34,0.66943359375,5,46
000031.mp4,32,0.479736328125,8,48
000032.mp4,36,0.73193359375,7,44
000033.mp4,33,0.798828125,7,47
000034.mp4,41,0.57470703125,2,39
000035.mp4,48,0.37255859375,0,32
000036.mp4,46,0.76220703125,3,34
000037.mp4,34,1.08203125,2,46
000038.mp4,46,0.6259765625,4,34
000039.mp4,30,0.2958984375,12,50
000040.mp4,31,0.76123046875,1,49
000041.mp4,46,0.75732421875,3,34
000042.mp4,35,0.71923828125,6,45
000043.mp4,36,0.759765625,3,44
000044.mp4,34,0.88232421875,2,46
000045.mp4,43,0.80419921875,2,37
000046.mp4,38,1.0,4,42
000047.mp4,46,0.7001953125,5,34
000048.mp4,44,0.336669921875,7,36
000049.mp4,33,0.94287109375,2,47
000050.mp4,38,0.48095703125,2,42
000051.mp4,44,0.373046875,1,36
000052.mp4,44,0.6875,4,36
000053.mp4,33,0.51318359375,4,47
000054.mp4,37,0.56298828125,5,43
000055.mp4,36,0.284423828125,6,44
000056.mp4,39,0.7568359375,2,41
000057.mp4,36,0.6982421875,4,44
000058.mp4,34,0.50146484375,3,46
000059.mp4,32,0.53466796875,7,48
000060.mp4,31,0.529296875,8,49
000061.mp4,30,0.6611328125,6,50
000062.mp4,43,0.8525390625,9,37
000063.mp4,35,0.79345703125,2,45
000064.mp4,39,0.50634765625,2,41
000065.mp4,39,0.6962890625,4,41
000066.mp4,30,0.9208984375,6,50
000067.mp4,34,0.5029296875,3,46
000068.mp4,38,0.67822265625,2,42
000069.mp4,43,0.6796875,1,37
000070.mp4,40,0.57958984375,3,40
000071.mp4,40,0.45458984375,1,40
000072.mp4,34,0.67138671875,3,46
000073.mp4,30,0.82763671875,3,50
000074.mp4,30,0.73193359375,9,50
000075.mp4,30,0.54638671875,7,50
000076.mp4,30,0.818359375,3,50
000077.mp4,44,0.892578125,3,36
000078.mp4,30,0.81884765625,6,50
000079.mp4,39,0.810546875,4,41
000080.mp4,30,0.65576171875,1,50
000081.mp4,30,0.53857421875,3,50
000082.mp4,36,0.65478515625,2,44
000083.mp4,35,0.400634765625,13,45
000084.mp4,42,1.095703125,3,38
000085.mp4,30,0.70263671875,3,50
000086.mp4,30,0.438720703125,1,50
000087.mp4,42,0.583984375,10,38
000088.mp4,39,0.81640625,1,41
000089.mp4,33,0.65771484375,4,47
000090.mp4,31,0.7626953125,3,49
000091.mp4,42,0.88427734375,2,38
000092.mp4,31,0.89697265625,1,49
000093.mp4,32,0.728515625,4,48
000094.mp4,30,0.83447265625,2,50
000095.mp4,34,0.53125,1,46
000096.mp4,33,0.73193359375,3,47
000097.mp4,36,0.837890625,5,44
000098.mp4,41,1.13671875,5,39
000099.mp4,34,1.134765625,2,46
000100.mp4,33,0.8310546875,2,47
000101.mp4,48,0.77880859375,4,32
000102.mp4,37,0.6708984375,4,43
000103.mp4,30,0.474853515625,1,50
000104.mp4,33,0.748046875,9,47
000105.mp4,31,0.60400390625,1,49
000106.mp4,38,0.26904296875,1,42
000107.mp4,44,0.58447265625,1,36
000108.mp4,36,1.251953125,5,44
000109.mp4,30,0.430419921875,8,50
000110.mp4,34,0.38720703125,7,46
000111.mp4,34,0.40869140625,1,46
000112.mp4,43,0.732421875,1,37
000113.mp4,30,0.54833984375,2,50
000114.mp4,45,0.318115234375,5,35
000115.mp4,33,0.61572265625,6,47
000116.mp4,35,0.85498046875,2,45
000117.mp4,30,0.7451171875,6,50
000118.mp4,46,0.7158203125,4,34
000119.mp4,36,0.630859375,2,44
000120.mp4,43,0.43701171875,3,37
000121.mp4,33,0.75439453125,4,47
000122.mp4,30,0.974609375,5,50
000123.mp4,35,0.63671875,2,45
000124.mp4,35,0.6025390625,4,45
000125.mp4,35,0.74462890625,6,45
000126.mp4,30,0.60791015625,2,50
000127.mp4,30,0.310791015625,7,50
000128.mp4,31,0.7109375,2,49
000129.mp4,40,0.96337890625,4,40
000130.mp4,32,0.417724609375,7,48
000131.mp4,31,0.5498046875,2,49
000132.mp4,30,0.52783203125,5,50
000133.mp4,36,0.85546875,1,44
000134.mp4,32,0.828125,7,48
000135.mp4,31,0.7646484375,3,49
000136.mp4,35,0.71142578125,6,45
000137.mp4,37,0.291015625,6,43
000138.mp4,39,0.708984375,4,41
000139.mp4,30,0.9912109375,2,50
000140.mp4,32,0.677734375,3,48
000141.mp4,46,0.51708984375,0,34
000142.mp4,30,0.75732421875,8,50
000143.mp4,39,0.77392578125,0,41
000144.mp4,34,0.68994140625,3,46
000145.mp4,30,0.77099609375,1,50
000146.mp4,47,0.88134765625,4,33
000147.mp4,48,0.7314453125,3,32
000148.mp4,32,0.84912109375,6,48
000149.mp4,39,0.74560546875,3,41
000150.mp4,40,0.73388671875,9,40
000151.mp4,36,0.7646484375,3,44
000152.mp4,32,0.63525390625,7,48
000153.mp4,31,0.2137451171875,11,49
000154.mp4,38,0.483642578125,4,42
000155.mp4,40,1.0478515625,3,40
000156.mp4,33,1.4541015625,6,47
000157.mp4,43,0.429443359375,7,37
000158.mp4,41,0.345947265625,7,39
000159.mp4,32,0.30859375,8,48
000160.mp4,39,0.7958984375,5,41
000161.mp4,32,0.560546875,7,48
000162.mp4,39,1.05859375,3,41
000163.mp4,34,0.446533203125,10,46
000164.mp4,43,1.14453125,4,37
000165.mp4,46,0.3427734375,7,34
000166.mp4,30,0.9560546875,7,50
000167.mp4,30,0.822265625,7,50
000168.mp4,30,0.30517578125,9,50
000169.mp4,30,0.73486328125,2,50
000170.mp4,30,0.322509765625,8,50
000171.mp4,30,0.80078125,6,50
000172.mp4,30,0.240478515625,6,50
000173.mp4,30,0.68212890625,3,50
000174.mp4,30,0.79736328125,3,50
000175.mp4,30,0.76171875,2,50
000176.mp4,30,0.8642578125,5,50
000177.mp4,30,0.93017578125,13,50
000178.mp4,30,0.97802734375,2,50
000179.mp4,30,0.666015625,10,50
000180.mp4,30,0.99267578125,4,50
000181.mp4,30,0.35009765625,9,50
000182.mp4,30,0.291748046875,9,50
000183.mp4,30,0.607421875,3,50
000184.mp4,30,0.430908203125,4,50
000185.mp4,30,0.826171875,8,50
000186.mp4,30,0.8486328125,5,50
000187.mp4,30,0.46435546875,7,50
000188.mp4,30,0.273193359375,9,50
000189.mp4,30,0.6123046875,5,50
000190.mp4,30,0.607421875,10,50
000191.mp4,30,0.376953125,6,50
000192.mp4,30,0.67431640625,5,50
000193.mp4,30,0.316650390625,7,50
000194.mp4,30,0.685546875,3,50
000195.mp4,30,0.861328125,9,50
000196.mp4,30,0.453857421875,3,50
000197.mp4,30,0.70458984375,5,50
000198.mp4,30,0.8720703125,9,50
000199.mp4,30,0.493408203125,7,50
000200.mp4,30,0.62890625,3,50
000201.mp4,30,0.72314453125,4,50
000202.mp4,30,0.38818359375,9,50
000203.mp4,30,0.88427734375,3,50
000204.mp4,30,0.88720703125,1,50
000205.mp4,30,0.76953125,6,50
000206.mp4,30,0.23486328125,6,50
000207.mp4,30,0.421875,12,50
000208.mp4,30,0.8818359375,3,50
000209.mp4,30,0.521484375,3,50
000210.mp4,30,0.69482421875,2,50
000211.mp4,30,0.720703125,4,50
000212.mp4,30,0.9150390625,4,50
000213.mp4,30,0.8857421875,2,50
000214.mp4,30,0.62451171875,9,50
000215.mp4,30,0.7275390625,7,50
000216.mp4,30,0.52734375,0,50
000217.mp4,30,0.634765625,3,50
000218.mp4,30,0.7705078125,5,50
000219.mp4,39,0.677734375,5,41
000220.mp4,37,0.654296875,7,43
000221.mp4,36,0.65283203125,2,44
000222.mp4,31,0.740234375,4,49
000223.mp4,32,0.67041015625,2,48
000224.mp4,30,0.2489013671875,7,50
000225.mp4,30,0.71728515625,3,50
000226.mp4,36,0.52001953125,2,44
000227.mp4,39,0.447265625,2,41
000228.mp4,47,0.98681640625,3,33
000229.mp4,39,0.83154296875,5,41
000230.mp4,36,0.595703125,3,44
000231.mp4,42,0.48388671875,1,38
000232.mp4,30,0.69287109375,5,50
000233.mp4,42,0.67724609375,0,38
000234.mp4,31,0.88427734375,7,49
000235.mp4,31,0.83544921875,4,49
000236.mp4,41,0.57470703125,1,39
000237.mp4,48,0.7080078125,4,32
000238.mp4,42,0.45068359375,3,38
000239.mp4,30,0.751953125,3,50
000240.mp4,30,0.58935546875,4,50
000241.mp4,31,0.712890625,9,49
000242.mp4,33,0.30712890625,1,47
000243.mp4,31,0.79150390625,6,49
000244.mp4,44,0.5546875,8,36
000245.mp4,30,0.84619140625,2,50
000246.mp4,30,0.7822265625,6,50
000247.mp4,47,0.351318359375,6,33
000248.mp4,30,0.77783203125,3,50
000249.mp4,30,0.77734375,7,50
000250.mp4,35,0.830078125,7,45
000251.mp4,36,0.4326171875,9,44
000252.mp4,49,0.2724609375,5,31
000253.mp4,30,0.78955078125,4,50
000254.mp4,30,0.359375,1,50
000255.mp4,35,0.8427734375,9,45
000256.mp4,31,0.650390625,6,49
000257.mp4,49,0.356689453125,5,31
000258.mp4,45,0.74169921875,6,35
000259.mp4,37,0.6142578125,8,43
000260.mp4,36,0.69384765625,7,44
000261.mp4,40,0.76416015625,4,40
000262.mp4,38,0.77734375,2,42
000263.mp4,30,0.7734375,5,50
000264.mp4,40,0.75830078125,9,40
000265.mp4,37,0.70703125,4,43
000266.mp4,30,1.021484375,4,50
000267.mp4,30,0.71142578125,11,50
000268.mp4,30,0.662109375,3,50
000269.mp4,35,0.6025390625,2,45
000270.mp4,42,0.406005859375,1,38
000271.mp4,43,0.8759765625,3,37
000272.mp4,30,0.78125,4,50
000273.mp4,34,0.8330078125,3,46
000274.mp4,39,0.43212890625,6,41
000275.mp4,45,0.7685546875,2,35
000276.mp4,30,0.87646484375,6,50
000277.mp4,49,0.5498046875,8,31
000278.mp4,37,0.8056640625,8,43
000279.mp4,32,0.83251953125,5,48
000280.mp4,47,0.720703125,2,33
000281.mp4,39,0.82666015625,2,41
000282.mp4,32,0.56591796875,3,48
000283.mp4,42,0.71630859375,3,38
000284.mp4,46,0.383544921875,1,34
000285.mp4,40,0.6162109375,2,40
000286.mp4,45,0.69140625,6,35
000287.mp4,34,0.47998046875,1,46
000288.mp4,30,0.7294921875,3,50
000289.mp4,41,0.72314453125,1,39
000290.mp4,32,1.2265625,3,48
000291.mp4,33,0.65576171875,1,47
000292.mp4,47,1.0556640625,5,33
000293.mp4,41,0.82958984375,4,39
000294.mp4,39,0.96533203125,3,41
000295.mp4,45,0.52392578125,1,35
000296.mp4,44,0.65087890625,3,36
000297.mp4,35,0.716796875,2,45
000298.mp4,49,0.346923828125,1,31
000299.mp4,47,0.8017578125,3,33
000300.mp4,38,0.73193359375,8,42
000301.mp4,44,0.38330078125,1,36
000302.mp4,46,0.58447265625,4,34
000303.mp4,37,0.701171875,2,43
000304.mp4,42,0.71923828125,2,38
000305.mp4,48,0.88232421875,4,32
000306.mp4,34,0.8798828125,9,46
000307.mp4,31,0.89453125,3,49
000308.mp4,32,0.6953125,3,48
000309.mp4,39,0.228759765625,7,41
000310.mp4,36,0.68798828125,2,44
000311.mp4,33,0.76416015625,9,47
000312.mp4,38,0.53076171875,3,42
000313.mp4,31,0.720703125,1,49
000314.mp4,36,0.525390625,3,44
000315.mp4,31,0.73486328125,4,49
000316.mp4,46,0.94775390625,2,34
000317.mp4,33,0.7587890625,10,47
000318.mp4,35,0.64453125,2,45
000319.mp4,49,0.84375,4,31
000320.mp4,44,0.52294921875,1,36
000321.mp4,47,0.7109375,2,33
000322.mp4,34,0.43896484375,7,46
000323.mp4,30,0.70751953125,2,50
000324.mp4,33,0.515625,4,47
000325.mp4,42,0.353759765625,6,38
000326.mp4,30,0.55029296875,7,50
000327.mp4,35,0.75244140625,5,45
000328.mp4,35,0.6328125,6,45
000329.mp4,40,0.494384765625,1,40
000330.mp4,38,0.8017578125,4,42
000331.mp4,34,0.7021484375,5,46
000332.mp4,42,0.474609375,8,38
000333.mp4,40,0.51318359375,5,40
000334.mp4,33,0.8037109375,3,47
000335.mp4,36,0.8330078125,5,44
000336.mp4,44,0.280029296875,5,36
000337.mp4,31,0.68359375,2,49
000338.mp4,49,0.84130859375,5,31
000339.mp4,38,0.91455078125,10,42
000340.mp4,32,0.62060546875,7,48
000341.mp4,38,0.338134765625,1,42
000342.mp4,37,0.7607421875,2,43
000343.mp4,36,0.892578125,8,44
000344.mp4,41,0.84619140625,3,39
000345.mp4,34,0.67236328125,2,46
000346.mp4,39,0.7548828125,1,41
000347.mp4,33,0.40869140625,8,47
000348.mp4,43,0.5888671875,3,37
000349.mp4,37,0.787109375,9,43
000350.mp4,42,0.2626953125,9,38
000351.mp4,40,1.134765625,3,40
000352.mp4,40,0.60498046875,7,40
000353.mp4,31,0.796875,8,49
000354.mp4,34,0.34521484375,0,46
000355.mp4,39,0.5400390625,4,41
000356.mp4,41,0.94189453125,1,39
000357.mp4,34,0.4892578125,4,46
000358.mp4,37,0.79150390625,14,43
000359.mp4,37,0.69140625,4,43
000360.mp4,39,0.9345703125,7,41
000361.mp4,33,0.65576171875,2,47
000362.mp4,33,0.80224609375,2,47
000363.mp4,33,0.7626953125,7,47
000364.mp4,48,0.62158203125,3,32
000365.mp4,34,0.2391357421875,8,46
000366.mp4,41,0.630859375,6,39
000367.mp4,37,0.7109375,3,43
000368.mp4,33,0.262939453125,7,47
000369.mp4,42,0.76220703125,7,38
000370.mp4,32,0.76513671875,0,48
000371.mp4,36,0.92236328125,6,44
000372.mp4,33,0.59228515625,2,47
000373.mp4,34,0.42431640625,5,46
000374.mp4,47,0.8798828125,6,33
000375.mp4,37,0.80810546875,3,43
000376.mp4,30,1.1259765625,4,50
000377.mp4,44,0.5576171875,2,36
000378.mp4,34,0.63134765625,2,46
000379.mp4,45,0.5537109375,6,35
000380.mp4,47,0.75732421875,5,33
000381.mp4,32,0.54443359375,5,48
000382.mp4,47,0.330078125,1,33
000383.mp4,32,0.4970703125,2,48
000384.mp4,32,0.3642578125,9,48
000385.mp4,49,0.3271484375,1,31
000386.mp4,48,0.52099609375,2,32
000387.mp4,30,0.94482421875,5,50
000388.mp4,48,0.304931640625,0,32
000389.mp4,45,0.9521484375,5,35
000390.mp4,33,0.78857421875,3,47
000391.mp4,33,0.564453125,10,47
000392.mp4,35,0.72021484375,5,45
000393.mp4,36,0.65869140625,3,44
000394.mp4,41,0.7607421875,8,39
000395.mp4,32,0.642578125,4,48
000396.mp4,36,0.283203125,9,44
000397.mp4,42,0.4560546875,1,38
000398.mp4,32,0.9580078125,3,48
000399.mp4,45,0.63916015625,2,35
000400.mp4,39,0.86083984375,2,41
000401.mp4,31,0.4794921875,2,49
000402.mp4,36,0.82275390625,4,44
000403.mp4,48,0.67919921875,3,32
000404.mp4,32,0.37744140625,8,48
000405.mp4,40,1.02734375,2,40
000406.mp4,46,0.552734375,4,34
000407.mp4,40,0.71044921875,7,40
000408.mp4,42,0.62158203125,3,38
000409.mp4,31,0.30908203125,8,49
000410.mp4,37,0.86962890625,4,43
000411.mp4,38,1.0654296875,1,42
000412.mp4,33,0.75,5,47
000413.mp4,35,1.01953125,1,45
000414.mp4,32,0.78662109375,10,48
000415.mp4,34,0.474853515625,3,46
000416.mp4,31,0.75830078125,10,49
000417.mp4,30,0.38525390625,7,50
000418.mp4,30,0.6337890625,5,50
000419.mp4,36,0.55908203125,4,44
000420.mp4,39,0.6845703125,1,41
000421.mp4,39,0.7724609375,5,41
000422.mp4,37,0.66748046875,2,43
000423.mp4,41,0.486328125,2,39
000424.mp4,30,0.931640625,2,50
000425.mp4,30,0.409912109375,7,50
000426.mp4,30,0.716796875,7,50
000427.mp4,41,0.830078125,7,39
000428.mp4,37,0.333740234375,8,43
000429.mp4,46,0.433837890625,9,34
000430.mp4,49,0.6181640625,8,31
000431.mp4,43,0.8310546875,3,37
000432.mp4,43,0.9384765625,6,37
000433.mp4,36,0.740234375,3,44
000434.mp4,44,0.6123046875,2,36
000435.mp4,33,0.66259765625,11,47
000436.mp4,40,0.6162109375,2,40
000437.mp4,35,0.794921875,5,45
000438.mp4,35,0.6162109375,0,45
000439.mp4,44,0.61767578125,2,36
000440.mp4,30,0.94384765625,7,50
000441.mp4,32,1.046875,4,48
000442.mp4,46,0.51806640625,3,34
000443.mp4,36,0.47119140625,1,44
000444.mp4,36,0.8564453125,5,44
000445.mp4,33,0.6572265625,10,47
000446.mp4,32,0.58154296875,1,48
000447.mp4,47,0.54833984375,1,33
000448.mp4,49,0.7763671875,3,31
000449.mp4,45,0.67919921875,2,35
000450.mp4,45,0.41650390625,1,35
000451.mp4,32,0.5927734375,3,48
000452.mp4,42,0.43603515625,4,38
000453.mp4,31,0.513671875,3,49
000454.mp4,35,0.65576171875,3,45
000455.mp4,46,0.4375,4,34
000456.mp4,47,0.583984375,1,33
000457.mp4,36,0.7568359375,3,44
000458.mp4,44,0.90771484375,5,36
000459.mp4,40,0.44189453125,1,40
000460.mp4,34,0.587890625,3,46
000461.mp4,31,0.74169921875,4,49
000462.mp4,45,0.7744140625,7,35
000463.mp4,30,0.61572265625,5,50
000464.mp4,37,0.765625,7,43
000465.mp4,30,0.81494140625,8,50
000466.mp4,40,0.89697265625,7,40
000467.mp4,47,0.75634765625,4,33
000468.mp4,35,0.599609375,8,45
000469.mp4,33,0.99951171875,8,47
000470.mp4,37,0.55078125,2,43
000471.mp4,40,0.953125,3,40
000472.mp4,32,0.68408203125,1,48
000473.mp4,49,0.4169921875,1,31
000474.mp4,41,1.03515625,6,39
000475.mp4,42,0.78369140625,7,38
000476.mp4,41,0.546875,1,39
000477.mp4,38,0.368408203125,8,42
000478.mp4,39,0.8134765625,5,41
000479.mp4,37,0.78662109375,3,43
000480.mp4,41,0.7080078125,2,39
000481.mp4,40,0.77685546875,3,40
000482.mp4,36,0.61572265625,2,44
000483.mp4,38,0.85986328125,5,42
000484.mp4,41,0.86962890625,3,39
000485.mp4,42,0.490966796875,5,38
000486.mp4,49,0.6259765625,3,31
000487.mp4,39,0.7861328125,6,41
000488.mp4,44,0.68017578125,1,36
000489.mp4,46,0.6103515625,2,34
000490.mp4,44,0.75048828125,6,36
000491.mp4,31,1.0634765625,6,49
000492.mp4,45,0.60400390625,5,35
000493.mp4,41,0.81396484375,1,39
000494.mp4,41,0.6962890625,3,39
000495.mp4,39,0.728515625,2,41
000496.mp4,36,0.59228515625,0,44
000497.mp4,42,0.607421875,3,38
000498.mp4,41,0.720703125,4,39
000499.mp4,30,0.6484375,11,50
000500.mp4,38,0.32568359375,10,42
000501.mp4,34,0.4384765625,8,46
000502.mp4,45,0.77392578125,2,35
000503.mp4,35,0.7080078125,3,45
000504.mp4,38,0.480712890625,1,42
000505.mp4,45,0.5751953125,2,35
000506.mp4,48,0.64599609375,2,32
000507.mp4,41,0.361572265625,2,39
000508.mp4,43,0.76171875,1,37
000509.mp4,48,0.6416015625,0,32
000510.mp4,40,0.58349609375,3,40
000511.mp4,32,0.642578125,1,48
000512.mp4,44,0.5068359375,1,36
000513.mp4,42,0.59814453125,5,38
000514.mp4,39,0.73486328125,2,41
000515.mp4,41,0.94775390625,5,39
000516.mp4,48,0.623046875,4,32
000517.mp4,37,0.81494140625,3,43
000518.mp4,39,0.306640625,0,41
000519.mp4,42,0.3115234375,1,38
000520.mp4,45,1.04296875,1,35
000521.mp4,30,0.6796875,2,50
000522.mp4,38,0.8857421875,5,42
000523.mp4,35,0.356201171875,7,45
000524.mp4,35,0.77197265625,7,45
000525.mp4,32,0.76513671875,3,48
000526.mp4,35,0.51318359375,2,45
000527.mp4,36,0.8515625,3,44
000528.mp4,31,0.66162109375,4,49
000529.mp4,36,0.8037109375,6,44
000530.mp4,33,0.75390625,3,47
000531.mp4,31,0.77734375,0,49
000532.mp4,36,0.9716796875,0,44
000533.mp4,32,0.466552734375,1,48
000534.mp4,37,0.7451171875,0,43
000535.mp4,39,0.90966796875,3,41
000536.mp4,43,0.67626953125,3,37
000537.mp4,45,0.30615234375,1,35
000538.mp4,33,0.6328125,8,47
000539.mp4,35,0.55517578125,13,45
000540.mp4,33,0.69140625,2,47
000541.mp4,30,0.98876953125,2,50
000542.mp4,49,0.52685546875,2,31
000543.mp4,39,0.6875,3,41
000544.mp4,44,0.63134765625,2,36
000545.mp4,38,0.34375,9,42
000546.mp4,35,0.49169921875,1,45
000547.mp4,32,0.69921875,4,48
000548.mp4,35,0.60400390625,2,45
000549.mp4,33,0.78271484375,1,47
000550.mp4,44,0.5625,2,36
000551.mp4,48,0.607421875,4,32
000552.mp4,43,0.72607421875,0,37
000553.mp4,36,0.32470703125,1,44
000554.mp4,40,0.9873046875,2,40
000555.mp4,49,0.8271484375,4,31
000556.mp4,38,0.328857421875,0,42
000557.mp4,39,0.97509765625,5,41
000558.mp4,39,0.275146484375,0,41
000559.mp4,41,0.5732421875,1,39
000560.mp4,45,0.53369140625,6,35
000561.mp4,39,0.85498046875,4,41
000562.mp4,49,0.7568359375,4,31
000563.mp4,41,0.7529296875,4,39
000564.mp4,48,0.68798828125,5,32
000565.mp4,31,0.50732421875,7,49
000566.mp4,34,0.8330078125,4,46
000567.mp4,30,0.7236328125,4,50
000568.mp4,46,0.4404296875,7,34
000569.mp4,35,0.626953125,3,45
000570.mp4,40,0.681640625,6,40
000571.mp4,42,0.6337890625,3,38
000572.mp4,34,0.8193359375,10,46
000573.mp4,32,0.65478515625,7,48
000574.mp4,43,0.74951171875,4,37
000575.mp4,42,0.3115234375,7,38
000576.mp4,35,0.587890625,5,45
000577.mp4,44,0.7197265625,3,36
000578.mp4,36,0.8173828125,7,44
000579.mp4,32,0.372802734375,6,48
000580.mp4,43,0.8037109375,9,37
000581.mp4,49,0.64208984375,4,31
000582.mp4,37,0.51708984375,7,43
000583.mp4,44,0.8984375,3,36
000584.mp4,47,0.6962890625,3,33
000585.mp4,33,0.420654296875,1,47
000586.mp4,38,0.93994140625,2,42
000587.mp4,39,0.54638671875,2,41
000588.mp4,41,0.434814453125,7,39
000589.mp4,45,0.7900390625,1,35
000590.mp4,45,0.46435546875,7,35
000591.mp4,36,0.720703125,5,44
000592.mp4,43,0.4365234375,1,37
000593.mp4,35,0.48291015625,1,45
000594.mp4,45,0.70068359375,0,35
000595.mp4,46,0.73828125,7,34
000596.mp4,33,0.673828125,2,47
000597.mp4,34,0.5263671875,7,46
000598.mp4,32,0.42724609375,1,48
000599.mp4,38,0.61962890625,9,42
000600.mp4,46,0.81396484375,8,34
000601.mp4,35,0.415283203125,9,45
000602.mp4,42,0.83935546875,3,38
000603.mp4,39,0.71923828125,3,41
000604.mp4,34,0.55419921875,7,46
000605.mp4,43,0.61376953125,4,37
000606.mp4,33,0.1099853515625,12,47
000607.mp4,38,0.82373046875,3,42
000608.mp4,36,0.489013671875,0,44
000609.mp4,31,1.06640625,1,49
000610.mp4,45,0.3154296875,7,35
000611.mp4,48,0.73486328125,7,32
000612.mp4,49,0.556640625,4,31
000613.mp4,41,0.66357421875,3,39
000614.mp4,32,0.84716796875,6,48
000615.mp4,41,0.6953125,8,39
000616.mp4,35,0.294189453125,1,45
000617.mp4,37,0.765625,7,43
000618.mp4,32,0.85009765625,6,48
000619.mp4,33,0.88818359375,3,47
000620.mp4,49,0.794921875,4,31
000621.mp4,31,0.74609375,3,49
000622.mp4,46,0.55517578125,3,34
000623.mp4,35,0.6865234375,4,45
000624.mp4,34,0.681640625,6,46
000625.mp4,38,0.70263671875,3,42
000626.mp4,44,0.673828125,3,36
000627.mp4,37,0.78515625,6,43
000628.mp4,33,0.7958984375,3,47
000629.mp4,47,0.212158203125,9,33
000630.mp4,34,0.7177734375,1,46
000631.mp4,32,0.67333984375,4,48
000632.mp4,38,0.398681640625,8,42
000633.mp4,45,0.8447265625,11,35
000634.mp4,31,0.63037109375,3,49
000635.mp4,41,0.80078125,4,39
000636.mp4,43,0.61669921875,4,37
000637.mp4,33,0.340087890625,1,47
000638.mp4,36,0.88232421875,3,44
000639.mp4,32,0.95458984375,11,48
000640.mp4,42,0.67578125,4,38
000641.mp4,47,0.54931640625,1,33
000642.mp4,38,0.8759765625,4,42
000643.mp4,41,0.59912109375,2,39
000644.mp4,38,0.71240234375,4,42
000645.mp4,37,0.521484375,2,43
000646.mp4,37,0.66748046875,2,43
000647.mp4,32,0.45458984375,1,48
000648.mp4,40,0.30712890625,1,40
000649.mp4,43,0.5849609375,1,37
000650.mp4,38,1.21875,2,42
000651.mp4,48,0.662109375,2,32
000652.mp4,35,0.431884765625,1,45
000653.mp4,46,0.8232421875,4,34
000654.mp4,40,0.6240234375,3,40
000655.mp4,47,0.9736328125,6,33
000656.mp4,38,0.79443359375,1,42
000657.mp4,44,0.583984375,3,36
000658.mp4,39,0.64501953125,1,41
000659.mp4,31,0.411865234375,9,49
000660.mp4,47,0.68701171875,5,33
000661.mp4,39,0.416015625,6,41
000662.mp4,36,0.69287109375,3,44
000663.mp4,32,1.0546875,3,48
000664.mp4,41,0.3330078125,11,39
000665.mp4,46,0.2139892578125,12,34
000666.mp4,45,0.39013671875,5,35
000667.mp4,38,0.27294921875,7,42
000668.mp4,45,0.481201171875,8,35
000669.mp4,33,0.400634765625,6,47
000670.mp4,44,0.42529296875,6,36
000671.mp4,45,0.787109375,4,35
000672.mp4,47,0.4375,4,33
000673.mp4,44,0.7626953125,3,36
000674.mp4,49,0.6533203125,4,31
000675.mp4,36,0.7685546875,3,44
000676.mp4,38,0.80322265625,4,42
000677.mp4,38,0.68017578125,2,42
000678.mp4,48,0.58544921875,8,32
000679.mp4,43,1.04296875,4,37
000680.mp4,41,0.66796875,1,39
000681.mp4,35,0.7294921875,4,45
000682.mp4,31,0.517578125,5,49
000683.mp4,37,0.30712890625,5,43
000684.mp4,31,0.2939453125,7,49
000685.mp4,45,0.306884765625,7,35
000686.mp4,43,0.74560546875,3,37
000687.mp4,33,0.383544921875,1,47
000688.mp4,38,0.4169921875,5,42
000689.mp4,41,0.417724609375,1,39
000690.mp4,33,0.61328125,2,47
000691.mp4,38,0.7080078125,6,42
000692.mp4,32,0.736328125,6,48
000693.mp4,42,0.732421875,3,38
000694.mp4,46,0.658203125,6,34
000695.mp4,39,0.85986328125,8,41
000696.mp4,46,0.363037109375,1,34
000697.mp4,36,0.68359375,5,44
000698.mp4,43,0.49365234375,0,37
000699.mp4,34,0.81591796875,7,46
000700.mp4,46,0.6044921875,6,34
000701.mp4,30,0.61767578125,2,50
000702.mp4,42,0.378662109375,5,38
000703.mp4,32,0.7607421875,4,48
000704.mp4,40,0.80517578125,1,40
000705.mp4,38,0.638671875,4,42
000706.mp4,41,0.6484375,4,39
000707.mp4,38,0.352294921875,4,42
000708.mp4,33,0.63671875,3,47
000709.mp4,42,0.317626953125,6,38
000710.mp4,49,0.7763671875,2,31
000711.mp4,33,0.54638671875,5,47
000712.mp4,41,0.46923828125,1,39
000713.mp4,41,0.271240234375,8,39
000714.mp4,44,0.78515625,3,36
000715.mp4,39,0.9423828125,14,41
000716.mp4,41,0.80615234375,3,39
000717.mp4,36,0.4375,7,44
000718.mp4,46,0.308349609375,12,34
000719.mp4,44,0.5712890625,1,36
000720.mp4,39,0.76025390625,4,41
000721.mp4,40,0.6904296875,2,40
000722.mp4,30,0.81982421875,7,50
000723.mp4,39,0.368408203125,8,41
000724.mp4,37,0.751953125,4,43
000725.mp4,31,0.9462890625,2,49
000726.mp4,40,0.806640625,7,40
000727.mp4,42,0.63818359375,9,38
000728.mp4,32,0.88720703125,7,48
000729.mp4,35,0.9482421875,10,45
000730.mp4,35,0.62890625,4,45
000731.mp4,30,0.56201171875,2,50
000732.mp4,30,0.875,4,50
000733.mp4,30,1.1142578125,6,50
000734.mp4,35,0.77490234375,5,45
000735.mp4,30,0.6015625,7,50
000736.mp4,39,0.65673828125,8,41
000737.mp4,40,0.90380859375,2,40
000738.mp4,35,0.358154296875,10,45
000739.mp4,30,0.79443359375,3,50
000740.mp4,32,0.7392578125,2,48
000741.mp4,48,0.72998046875,4,32
000742.mp4,35,0.779296875,4,45
000743.mp4,32,0.316650390625,10,48
000744.mp4,30,1.140625,7,50
000745.mp4,32,0.90869140625,3,48
000746.mp4,34,0.8125,1,46
000747.mp4,30,0.30615234375,1,50
000748.mp4,38,0.27197265625,8,42
000749.mp4,32,0.72705078125,10,48
000750.mp4,34,0.68310546875,7,46
000751.mp4,40,0.69873046875,4,40
000752.mp4,32,0.35791015625,10,48
000753.mp4,47,0.81494140625,6,33
000754.mp4,46,1.2177734375,3,34
000755.mp4,41,0.521484375,2,39
000756.mp4,42,0.9482421875,3,38
000757.mp4,36,0.72265625,3,44
000758.mp4,47,0.70849609375,3,33
000759.mp4,32,0.54833984375,2,48
000760.mp4,49,0.256591796875,12,31
000761.mp4,30,0.80224609375,5,50
000762.mp4,34,1.041015625,5,46
000763.mp4,39,1.037109375,2,41
000764.mp4,34,0.296142578125,11,46
000765.mp4,39,0.32763671875,14,41
000766.mp4,42,0.6103515625,3,38
000767.mp4,40,0.7568359375,4,40
000768.mp4,35,0.97802734375,5,45
000769.mp4,32,0.80615234375,4,48
000770.mp4,33,0.89404296875,8,47
000771.mp4,33,0.74560546875,4,47
000772.mp4,46,0.818359375,3,34
000773.mp4,34,0.328369140625,13,46
000774.mp4,31,0.43798828125,4,49
000775.mp4,38,0.787109375,6,42
000776.mp4,34,0.27880859375,14,46
000777.mp4,39,0.962890625,3,41
000778.mp4,43,1.0673828125,3,37
000779.mp4,33,0.61474609375,1,47
000780.mp4,32,0.9208984375,3,48
000781.mp4,38,0.7333984375,4,42
000782.mp4,32,0.79345703125,3,48
000783.mp4,37,0.4501953125,7,43
000784.mp4,33,0.9599609375,4,47
000785.mp4,32,0.84375,5,48
000786.mp4,43,0.272705078125,9,37
000787.mp4,43,0.53369140625,1,37
000788.mp4,36,0.6171875,3,44
000789.mp4,47,0.61962890625,8,33
000790.mp4,31,0.78369140625,4,49
000791.mp4,38,0.54541015625,6,42
000792.mp4,34,0.81640625,11,46
000793.mp4,33,0.59619140625,2,47
000794.mp4,38,0.355712890625,8,42
000795.mp4,42,0.8271484375,4,38
000796.mp4,49,0.6611328125,6,31
000797.mp4,41,0.6455078125,6,39
000798.mp4,37,0.76806640625,5,43
000799.mp4,40,0.45751953125,9,40
000800.mp4,45,0.29833984375,5,35
000801.mp4,33,0.7783203125,5,47
000802.mp4,40,0.203125,10,40
000803.mp4,36,0.59765625,11,44
000804.mp4,30,0.98779296875,7,50
000805.mp4,30,0.89453125,6,50
000806.mp4,35,0.21923828125,8,45
000807.mp4,31,0.314697265625,8,49
000808.mp4,31,0.306640625,7,49
000809.mp4,34,0.80126953125,5,46
000810.mp4,32,0.80810546875,5,48
000811.mp4,30,1.048828125,13,50
000812.mp4,30,0.353515625,4,50
000813.mp4,44,0.87646484375,5,36
000814.mp4,34,0.2281494140625,9,46
000815.mp4,42,0.8505859375,6,38
000816.mp4,31,0.76171875,6,49
000817.mp4,37,0.64453125,2,43
000818.mp4,36,0.892578125,6,44
000819.mp4,33,0.199951171875,9,47
000820.mp4,46,0.449462890625,8,34
000821.mp4,41,0.314208984375,4,39
000822.mp4,45,0.55517578125,8,35
000823.mp4,49,0.9384765625,5,31
000824.mp4,30,0.42138671875,7,50
000825.mp4,44,0.59814453125,2,36
000826.mp4,33,0.77783203125,3,47
000827.mp4,37,0.86669921875,3,43
000828.mp4,38,1.14453125,3,42
000829.mp4,37,1.0654296875,2,43
000830.mp4,38,0.328369140625,9,42
000831.mp4,30,1.068359375,5,50
000832.mp4,31,0.90869140625,5,49
000833.mp4,34,0.81396484375,4,46
000834.mp4,30,0.41064453125,7,50
000835.mp4,32,1.0185546875,10,48
000836.mp4,38,0.3203125,10,42
000837.mp4,30,1.033203125,4,50
000838.mp4,31,0.9921875,13,49
000839.mp4,33,0.87109375,5,47
000840.mp4,41,1.1181640625,6,39
000841.mp4,47,0.28173828125,6,33
000842.mp4,32,0.6005859375,3,48
000843.mp4,32,0.8193359375,7,48
000844.mp4,34,0.607421875,4,46
000845.mp4,36,0.62939453125,1,44
000846.mp4,30,0.708984375,7,50
000847.mp4,44,0.55712890625,7,36
000848.mp4,30,0.55712890625,2,50
000849.mp4,37,0.79541015625,4,43
000850.mp4,33,0.25146484375,10,47
000851.mp4,42,0.86865234375,8,38
000852.mp4,45,0.87109375,2,35
000853.mp4,33,1.24609375,2,47
000854.mp4,35,0.80322265625,8,45
000855.mp4,34,0.393310546875,5,46
000856.mp4,30,0.779296875,3,50
000857.mp4,35,0.34130859375,8,45
000858.mp4,31,0.89990234375,3,49
000859.mp4,40,0.57666015625,7,40
000860.mp4,35,0.7109375,6,45
000861.mp4,33,0.830078125,4,47
000862.mp4,39,0.84814453125,1,41
000863.mp4,33,0.501953125,2,47
000864.mp4,36,0.51171875,7,44
000865.mp4,47,0.7705078125,3,33
000866.mp4,33,0.701171875,3,47
000867.mp4,32,0.408203125,9,48
000868.mp4,48,0.52978515625,6,32
000869.mp4,43,0.521484375,5,37
000870.mp4,41,1.1533203125,2,39
000871.mp4,30,0.72607421875,8,50
000872.mp4,36,1.0478515625,4,44
000873.mp4,32,1.1435546875,4,48
000874.mp4,30,0.794921875,3,50
000875.mp4,36,0.349853515625,6,44
000876.mp4,30,0.31689453125,9,50
000877.mp4,34,0.326416015625,10,46
000878.mp4,34,0.84228515625,8,46
000879.mp4,30,0.8740234375,6,50
000880.mp4,31,0.54150390625,3,49
000881.mp4,33,0.8212890625,5,47
000882.mp4,30,0.9638671875,4,50
000883.mp4,30,0.701171875,4,50
000884.mp4,30,0.69189453125,2,50
000885.mp4,30,0.7783203125,5,50
000886.mp4,30,1.0751953125,2,50
000887.mp4,40,0.337646484375,8,40
000888.mp4,35,0.81591796875,4,45
000889.mp4,30,0.7431640625,4,50
000890.mp4,30,1.12109375,4,50
000891.mp4,30,0.978515625,8,50
000892.mp4,42,0.385986328125,9,38
000893.mp4,32,0.77880859375,3,48
000894.mp4,30,0.76953125,5,50
000895.mp4,38,0.55078125,4,42
000896.mp4,30,0.99169921875,4,50
000897.mp4,35,0.279296875,13,45
000898.mp4,34,0.8525390625,1,46
000899.mp4,30,0.74365234375,2,50
000900.mp4,33,0.344482421875,11,47
000901.mp4,30,0.775390625,7,50
000902.mp4,30,0.327880859375,11,50
000903.mp4,32,0.3271484375,7,48
000904.mp4,31,0.62841796875,2,49
000905.mp4,31,0.67578125,2,49
000906.mp4,44,0.6015625,2,36
000907.mp4,42,0.900390625,5,38
000908.mp4,31,0.375244140625,9,49
000909.mp4,34,0.84619140625,3,46
000910.mp4,30,0.481201171875,8,50
000911.mp4,30,0.75244140625,5,50
000912.mp4,36,0.8017578125,3,44
000913.mp4,32,0.802734375,8,48
000914.mp4,30,0.83984375,7,50
000915.mp4,45,0.4306640625,3,35
000916.mp4,30,0.720703125,5,50
000917.mp4,36,0.8359375,5,44
000918.mp4,34,0.91943359375,6,46
000919.mp4,32,1.0107421875,8,48
000920.mp4,31,0.43359375,5,49
000921.mp4,30,0.70361328125,5,50
000922.mp4,31,0.63232421875,9,49
000923.mp4,30,0.64892578125,3,50
000924.mp4,30,0.444091796875,6,50
000925.mp4,31,0.9267578125,10,49
000926.mp4,30,0.8388671875,7,50
000927.mp4,30,1.078125,6,50
000928.mp4,30,0.5517578125,10,50
000929.mp4,35,0.2091064453125,11,45
000930.mp4,35,0.6591796875,8,45
000931.mp4,30,0.576171875,1,50
000932.mp4,30,0.5419921875,6,50
000933.mp4,30,0.4443359375,4,50
000934.mp4,30,0.7763671875,5,50
000935.mp4,30,0.465087890625,1,50
000936.mp4,42,0.60009765625,2,38
000937.mp4,30,0.69873046875,10,50
000938.mp4,40,0.375244140625,6,40
000939.mp4,45,0.66845703125,5,35
000940.mp4,31,0.69873046875,4,49
000941.mp4,44,0.810546875,1,36
000942.mp4,34,0.254150390625,10,46
000943.mp4,48,0.6142578125,4,32
000944.mp4,30,0.2802734375,12,50
000945.mp4,30,0.62646484375,6,50
000946.mp4,41,1.005859375,6,39
000947.mp4,30,0.703125,6,50
000948.mp4,30,0.325439453125,1,50
000949.mp4,30,0.94384765625,4,50
000950.mp4,37,0.64453125,4,43
000951.mp4,35,0.67578125,3,45
000952.mp4,45,0.27490234375,1,35
000953.mp4,42,0.72412109375,7,38
000954.mp4,40,0.3798828125,4,40
000955.mp4,31,0.5048828125,7,49
000956.mp4,34,0.7666015625,5,46
000957.mp4,46,0.59521484375,5,34
000958.mp4,32,0.409423828125,1,48
000959.mp4,34,0.64453125,1,46
000960.mp4,41,0.564453125,2,39
000961.mp4,30,0.7060546875,6,50
000962.mp4,49,0.68310546875,5,31
000963.mp4,44,0.681640625,4,36
000964.mp4,47,0.56005859375,5,33
000965.mp4,38,0.352294921875,8,42
000966.mp4,46,0.423583984375,4,34
000967.mp4,31,0.740234375,6,49
000968.mp4,32,0.90234375,8,48
000969.mp4,32,0.8876953125,7,48
000970.mp4,48,0.86962890625,3,32
000971.mp4,40,0.55810546875,6,40
000972.mp4,46,0.69482421875,3,34
000973.mp4,30,0.300537109375,11,50
000974.mp4,33,0.75146484375,4,47
000975.mp4,31,0.29833984375,7,49
000976.mp4,40,0.2666015625,12,40
000977.mp4,43,0.74560546875,4,37
000978.mp4,45,0.8154296875,6,35
000979.mp4,33,0.71875,7,47
000980.mp4,32,0.353515625,8,48
000981.mp4,30,0.5673828125,5,50
000982.mp4,33,0.80322265625,8,47
000983.mp4,47,0.966796875,1,33
000984.mp4,40,1.0634765625,4,40
000985.mp4,38,0.6533203125,4,42
000986.mp4,43,0.7734375,9,37
000987.mp4,49,0.30126953125,8,31
000988.mp4,36,0.8544921875,7,44
000989.mp4,36,0.5634765625,0,44
000990.mp4,37,0.75390625,3,43
000991.mp4,41,0.498291015625,3,39
000992.mp4,36,0.7607421875,10,44
000993.mp4,40,0.93701171875,5,40
000994.mp4,34,0.98876953125,5,46
000995.mp4,47,0.436767578125,6,33
000996.mp4,44,0.302001953125,10,36
000997.mp4,37,0.4345703125,7,43
000998.mp4,31,0.76708984375,3,49
000999.mp4,31,0.86279296875,2,49
001000.mp4,32,0.39013671875,8,48
001001.mp4,48,1.0166015625,9,32
001002.mp4,30,0.64453125,6,50
001003.mp4,30,0.37109375,8,50
001004.mp4,31,0.51611328125,8,49
001005.mp4,36,0.76123046875,4,44
001006.mp4,30,0.88525390625,5,50
001007.mp4,31,0.67919921875,3,49
001008.mp4,38,1.1796875,3,42
001009.mp4,45,0.4384765625,4,35
001010.mp4,33,0.79296875,1,47
001011.mp4,45,0.76611328125,4,35
001012.mp4,37,0.67529296875,4,43
001013.mp4,42,1.005859375,1,38
001014.mp4,31,0.88623046875,1,49
001015.mp4,44,0.494384765625,4,36
001016.mp4,38,0.859375,6,42
001017.mp4,33,0.337646484375,7,47
001018.mp4,31,0.6748046875,3,49
001019.mp4,41,0.63818359375,5,39
001020.mp4,43,0.92138671875,5,37
001021.mp4,49,0.7060546875,2,31
001022.mp4,30,0.69873046875,4,50
001023.mp4,42,0.7158203125,4,38
001024.mp4,35,0.8173828125,9,45
001025.mp4,38,0.423828125,6,42
001026.mp4,47,0.69873046875,0,33
001027.mp4,42,0.828125,5,38
001028.mp4,38,0.8671875,3,42
001029.mp4,44,0.65185546875,3,36
001030.mp4,49,0.78466796875,2,31
001031.mp4,37,0.3544921875,1,43
001032.mp4,45,0.421142578125,7,35
001033.mp4,42,0.27294921875,9,38
001034.mp4,40,0.380126953125,9,40
001035.mp4,31,1.1171875,5,49
001036.mp4,42,0.8271484375,5,38
001037.mp4,43,0.296630859375,6,37
001038.mp4,36,0.8330078125,1,44
001039.mp4,37,0.55029296875,2,43
001040.mp4,40,0.81494140625,2,40
001041.mp4,32,0.828125,8,48
001042.mp4,38,0.47900390625,10,42
001043.mp4,46,0.66748046875,5,34
001044.mp4,41,0.673828125,2,39
001045.mp4,36,0.268310546875,9,44
001046.mp4,42,0.66796875,2,38
001047.mp4,44,0.71337890625,3,36
001048.mp4,44,1.44921875,3,36
001049.mp4,37,0.76025390625,9,43
001050.mp4,38,0.7431640625,5,42
001051.mp4,31,0.72412109375,5,49
001052.mp4,40,0.336669921875,1,40
001053.mp4,33,0.732421875,4,47
001054.mp4,38,0.80322265625,7,42
001055.mp4,32,0.62548828125,7,48
001056.mp4,30,0.61767578125,5,50
001057.mp4,33,0.9658203125,1,47
001058.mp4,30,0.52099609375,7,50
001059.mp4,30,1.1220703125,4,50
001060.mp4,38,0.50146484375,2,42
001061.mp4,36,0.74609375,5,44
001062.mp4,48,0.365966796875,5,32
001063.mp4,35,0.278564453125,15,45
001064.mp4,43,0.68994140625,9,37
001065.mp4,35,0.40771484375,7,45
001066.mp4,33,0.708984375,5,47
001067.mp4,41,0.904296875,4,39
001068.mp4,45,0.5927734375,4,35
001069.mp4,31,0.6513671875,1,49
001070.mp4,31,0.370361328125,7,49
001071.mp4,36,0.6396484375,5,44
001072.mp4,32,0.79541015625,4,48
001073.mp4,39,0.873046875,10,41
001074.mp4,31,0.2493896484375,10,49
001075.mp4,30,0.476806640625,5,50
001076.mp4,44,0.50927734375,4,36
001077.mp4,45,0.80322265625,1,35
001078.mp4,39,0.71484375,4,41
001079.mp4,42,0.91943359375,5,38
001080.mp4,34,0.77197265625,4,46
001081.mp4,39,0.405029296875,7,41
001082.mp4,32,0.85986328125,3,48
001083.mp4,33,0.6513671875,7,47
001084.mp4,37,0.495849609375,4,43
001085.mp4,31,0.72900390625,6,49
001086.mp4,44,0.68212890625,4,36
001087.mp4,48,0.6171875,4,32
001088.mp4,46,0.70263671875,2,34
001089.mp4,41,1.005859375,1,39
001090.mp4,49,0.395751953125,1,31
001091.mp4,34,1.0,3,46
001092.mp4,44,0.35791015625,7,36
001093.mp4,33,0.572265625,5,47
001094.mp4,36,0.78076171875,6,44
001095.mp4,33,0.67626953125,6,47
001096.mp4,40,0.6884765625,5,40
001097.mp4,40,0.912109375,5,40
001098.mp4,40,0.580078125,10,40
001099.mp4,48,0.85107421875,5,32
001100.mp4,33,0.54443359375,2,47
001101.mp4,40,1.0205078125,1,40
001102.mp4,47,0.403076171875,4,33
001103.mp4,42,0.354248046875,6,38
001104.mp4,37,0.76220703125,4,43
001105.mp4,35,0.71484375,3,45
001106.mp4,46,0.78466796875,6,34
001107.mp4,31,0.7060546875,3,49
001108.mp4,48,0.75634765625,7,32
001109.mp4,37,0.7373046875,4,43
001110.mp4,34,0.669921875,2,46
001111.mp4,33,1.4521484375,4,47
001112.mp4,34,0.52392578125,2,46
001113.mp4,45,0.486328125,1,35
001114.mp4,38,0.1973876953125,9,42
001115.mp4,41,0.62255859375,2,39
001116.mp4,48,0.2357177734375,5,32
001117.mp4,45,0.34375,1,35
001118.mp4,42,0.78076171875,5,38
001119.mp4,35,0.73974609375,1,45
001120.mp4,32,0.7060546875,4,48
001121.mp4,42,0.73486328125,4,38
001122.mp4,46,0.70361328125,1,34
001123.mp4,44,0.6962890625,3,36
001124.mp4,43,0.64990234375,4,37
001125.mp4,45,0.423583984375,1,35
001126.mp4,36,0.89990234375,6,44
001127.mp4,30,0.9267578125,8,50
001128.mp4,30,0.6953125,2,50
001129.mp4,30,0.75048828125,0,50
001130.mp4,36,0.6416015625,4,44
001131.mp4,34,0.65478515625,2,46
001132.mp4,36,0.30810546875,10,44
001133.mp4,42,0.6845703125,3,38
001134.mp4,36,0.91943359375,4,44
001135.mp4,30,0.7666015625,3,50
001136.mp4,42,0.7373046875,4,38
001137.mp4,49,0.63720703125,3,31
001138.mp4,33,0.62841796875,7,47
001139.mp4,49,0.7490234375,4,31
001140.mp4,38,0.7080078125,5,42
001141.mp4,36,0.6650390625,9,44
001142.mp4,49,0.8486328125,3,31
001143.mp4,47,0.69921875,5,33
001144.mp4,39,0.8837890625,2,41
001145.mp4,33,0.7255859375,2,47
001146.mp4,47,0.69970703125,8,33
001147.mp4,31,0.52099609375,1,49
001148.mp4,31,0.425048828125,12,49
001149.mp4,39,0.84033203125,4,41
001150.mp4,41,0.796875,1,39
001151.mp4,30,0.94287109375,5,50
001152.mp4,45,0.68359375,2,35
001153.mp4,49,0.72314453125,3,31
001154.mp4,47,0.513671875,2,33
001155.mp4,30,0.58203125,4,50
001156.mp4,30,0.55908203125,1,50
001157.mp4,34,0.59326171875,6,46
001158.mp4,30,0.7158203125,4,50
001159.mp4,39,0.93310546875,2,41
001160.mp4,47,0.97705078125,3,33
001161.mp4,34,0.55615234375,2,46
001162.mp4,30,1.0986328125,8,50
001163.mp4,40,0.65869140625,3,40
001164.mp4,49,0.5361328125,2,31
001165.mp4,44,0.5576171875,2,36
001166.mp4,34,0.73388671875,5,46
001167.mp4,39,0.8388671875,1,41
001168.mp4,41,0.81005859375,7,39
001169.mp4,30,0.55419921875,12,50
001170.mp4,49,0.55810546875,1,31
001171.mp4,38,0.8583984375,2,42
001172.mp4,33,0.4853515625,9,47
001173.mp4,36,0.8603515625,4,44
001174.mp4,46,0.63623046875,2,34
001175.mp4,47,0.5361328125,4,33
001176.mp4,49,0.3603515625,1,31
001177.mp4,34,0.59521484375,2,46
001178.mp4,31,0.56494140625,7,49
001179.mp4,38,0.7705078125,3,42
001180.mp4,39,0.375732421875,1,41
001181.mp4,42,1.1533203125,7,38
001182.mp4,38,0.751953125,4,42
001183.mp4,37,0.583984375,2,43
001184.mp4,34,0.72509765625,6,46
001185.mp4,30,0.912109375,3,50
001186.mp4,42,0.71923828125,3,38
001187.mp4,47,0.7216796875,2,33
001188.mp4,46,0.7529296875,4,34
001189.mp4,39,0.6220703125,8,41
001190.mp4,32,0.321044921875,4,48
001191.mp4,43,0.166748046875,12,37
001192.mp4,37,0.65185546875,4,43
001193.mp4,32,1.1279296875,4,48
001194.mp4,42,0.77490234375,3,38
001195.mp4,48,0.595703125,2,32
001196.mp4,30,0.71240234375,3,50
001197.mp4,30,0.58837890625,6,50
001198.mp4,45,0.54443359375,3,35
001199.mp4,34,0.331787109375,8,46
001200.mp4,47,0.833984375,2,33
001201.mp4,37,0.72021484375,5,43
001202.mp4,39,0.76123046875,4,41
001203.mp4,30,1.056640625,5,50
001204.mp4,33,0.8759765625,3,47
001205.mp4,45,0.66357421875,3,35
001206.mp4,31,0.66943359375,3,49
001207.mp4,36,0.296142578125,9,44
001208.mp4,38,0.91015625,1,42
001209.mp4,39,0.5,8,41
001210.mp4,35,0.33251953125,6,45
001211.mp4,47,0.56884765625,2,33
001212.mp4,37,0.6328125,2,43
001213.mp4,46,0.7421875,2,34
001214.mp4,31,0.6416015625,3,49
001215.mp4,34,0.6572265625,5,46
001216.mp4,49,0.60595703125,2,31
001217.mp4,44,0.82861328125,2,36
001218.mp4,33,0.67822265625,8,47
001219.mp4,39,0.6865234375,8,41
001220.mp4,33,0.427490234375,5,47
001221.mp4,40,0.476806640625,6,40
001222.mp4,34,0.86376953125,4,46
001223.mp4,33,0.2342529296875,12,47
001224.mp4,33,0.42041015625,1,47
001225.mp4,43,0.7197265625,3,37
001226.mp4,32,0.61474609375,5,48
001227.mp4,38,0.67578125,1,42
001228.mp4,40,0.29638671875,9,40
001229.mp4,37,0.82666015625,4,43
001230.mp4,45,0.78466796875,1,35
001231.mp4,41,1.13671875,7,39
001232.mp4,31,0.73486328125,9,49
001233.mp4,42,0.5244140625,3,38
001234.mp4,40,1.005859375,7,40
001235.mp4,38,0.5634765625,2,42
001236.mp4,49,0.89208984375,3,31
001237.mp4,30,1.0068359375,8,50
001238.mp4,35,0.517578125,5,45
001239.mp4,38,0.48291015625,5,42
001240.mp4,35,0.6552734375,10,45
001241.mp4,38,0.3271484375,7,42
001242.mp4,38,0.8603515625,6,42
001243.mp4,32,0.75146484375,2,48
001244.mp4,43,0.7587890625,5,37
001245.mp4,34,0.37646484375,5,46
001246.mp4,43,0.318359375,9,37
001247.mp4,36,0.74462890625,8,44
001248.mp4,33,0.671875,4,47
001249.mp4,46,0.95654296875,3,34
001250.mp4,35,0.85546875,3,45
001251.mp4,30,0.607421875,3,50
001252.mp4,44,0.828125,2,36
001253.mp4,42,1.0556640625,5,38
001254.mp4,42,0.72119140625,3,38
001255.mp4,30,0.62060546875,0,50
001256.mp4,34,0.21923828125,14,46
001257.mp4,43,0.6953125,6,37
001258.mp4,35,0.70458984375,3,45
001259.mp4,35,0.66796875,4,45
001260.mp4,46,1.05859375,4,34
001261.mp4,31,0.72412109375,4,49
001262.mp4,36,0.51318359375,5,44
001263.mp4,41,0.52490234375,3,39
001264.mp4,40,0.69580078125,2,40
001265.mp4,36,0.66552734375,8,44
001266.mp4,48,0.9306640625,5,32
001267.mp4,49,0.69189453125,5,31
001268.mp4,43,0.80810546875,3,37
001269.mp4,48,0.7021484375,4,32
001270.mp4,46,0.7119140625,6,34
001271.mp4,30,0.73193359375,2,50
001272.mp4,41,0.420654296875,5,39
001273.mp4,35,0.6669921875,6,45
001274.mp4,47,0.90234375,5,33
001275.mp4,30,0.9765625,9,50
001276.mp4,31,0.34033203125,13,49
001277.mp4,42,0.57373046875,5,38
001278.mp4,33,0.861328125,2,47
001279.mp4,37,0.460693359375,1,43
001280.mp4,45,0.7822265625,3,35
001281.mp4,40,0.84619140625,5,40
001282.mp4,40,1.0361328125,6,40
001283.mp4,44,0.9091796875,6,36
001284.mp4,33,0.435546875,6,47
001285.mp4,38,0.966796875,5,42
001286.mp4,34,0.6748046875,3,46
001287.mp4,37,0.31103515625,8,43
001288.mp4,45,0.98486328125,2,35
001289.mp4,44,0.77685546875,6,36
001290.mp4,30,0.78564453125,6,50
001291.mp4,39,0.5283203125,1,41
001292.mp4,30,0.70849609375,2,50
001293.mp4,42,0.349853515625,7,38
001294.mp4,30,0.72265625,7,50
001295.mp4,37,0.2369384765625,10,43
001296.mp4,36,0.64208984375,5,44
001297.mp4,42,0.69189453125,4,38
001298.mp4,38,0.62060546875,4,42
001299.mp4,41,0.640625,3,39
001300.mp4,35,0.533203125,8,45
001301.mp4,31,0.8427734375,9,49
001302.mp4,31,0.646484375,3,49
001303.mp4,34,0.8974609375,6,46
001304.mp4,41,0.873046875,4,39
001305.mp4,43,0.62060546875,6,37
001306.mp4,34,0.740234375,5,46
001307.mp4,31,0.58544921875,1,49
001308.mp4,31,0.97119140625,7,49
001309.mp4,36,0.90087890625,7,44
001310.mp4,35,0.67333984375,10,45
001311.mp4,48,0.62890625,2,32
001312.mp4,34,1.1591796875,6,46
001313.mp4,41,0.9697265625,3,39
001314.mp4,38,0.259033203125,9,42
001315.mp4,30,0.364990234375,7,50
001316.mp4,38,0.8486328125,8,42
001317.mp4,32,0.255859375,6,48
001318.mp4,30,0.72314453125,7,50
001319.mp4,31,0.5732421875,2,49
001320.mp4,32,0.5927734375,1,48
001321.mp4,30,0.453125,7,50
001322.mp4,36,0.861328125,5,44
001323.mp4,40,0.431884765625,1,40
001324.mp4,41,0.58935546875,3,39
001325.mp4,30,0.361572265625,9,50
001326.mp4,47,0.47802734375,4,33
001327.mp4,40,0.7646484375,4,40
001328.mp4,31,0.491455078125,9,49
001329.mp4,46,0.93896484375,5,34
001330.mp4,30,0.70751953125,2,50
001331.mp4,49,0.67138671875,3,31
001332.mp4,38,0.58984375,2,42
001333.mp4,32,0.7275390625,1,48
001334.mp4,46,0.42626953125,4,34
001335.mp4,31,0.6708984375,4,49
001336.mp4,33,0.8701171875,6,47
001337.mp4,32,0.90771484375,8,48
001338.mp4,30,0.55712890625,4,50
001339.mp4,46,0.68212890625,4,34
001340.mp4,32,0.3232421875,8,48
001341.mp4,39,1.056640625,2,41
001342.mp4,42,0.9765625,8,38
001343.mp4,39,0.794921875,3,41
001344.mp4,30,0.326904296875,7,50
001345.mp4,32,0.92138671875,7,48
001346.mp4,35,0.359619140625,6,45
001347.mp4,30,0.74609375,9,50
001348.mp4,30,0.75146484375,3,50
001349.mp4,33,1.005859375,9,47
001350.mp4,34,0.94091796875,2,46
001351.mp4,46,0.73291015625,4,34
001352.mp4,34,0.6923828125,2,46
001353.mp4,38,0.474609375,1,42
001354.mp4,32,0.78271484375,7,48
001355.mp4,42,0.67822265625,6,38
001356.mp4,34,0.826171875,4,46
001357.mp4,36,0.98388671875,4,44
001358.mp4,40,0.446044921875,5,40
001359.mp4,42,0.84912109375,7,38
001360.mp4,37,0.56884765625,2,43
001361.mp4,40,0.744140625,6,40
001362.mp4,30,0.7802734375,10,50
001363.mp4,33,0.83642578125,6,47
001364.mp4,30,0.7939453125,2,50
001365.mp4,30,0.339111328125,13,50
001366.mp4,30,0.272216796875,12,50
001367.mp4,31,0.8203125,6,49
001368.mp4,38,1.220703125,4,42
001369.mp4,39,0.4287109375,3,41
001370.mp4,30,0.82470703125,8,50
001371.mp4,31,0.7431640625,0,49
001372.mp4,38,0.55615234375,5,42
001373.mp4,30,0.81884765625,4,50
001374.mp4,34,0.70703125,6,46
001375.mp4,32,0.72900390625,4,48
001376.mp4,30,0.685546875,2,50
001377.mp4,32,0.6708984375,5,48
001378.mp4,30,0.3271484375,10,50
001379.mp4,38,0.306640625,6,42
001380.mp4,35,0.8330078125,5,45
001381.mp4,32,0.52294921875,4,48
001382.mp4,33,0.6806640625,4,47
001383.mp4,34,0.81201171875,3,46
001384.mp4,30,0.67822265625,5,50
001385.mp4,38,0.7431640625,1,42
001386.mp4,32,0.75390625,9,48
001387.mp4,38,0.351806640625,6,42
001388.mp4,42,0.36572265625,1,38
001389.mp4,42,0.69140625,6,38
001390.mp4,30,0.84033203125,6,50
001391.mp4,40,0.830078125,4,40
001392.mp4,32,0.70654296875,3,48
001393.mp4,37,0.5830078125,3,43
001394.mp4,33,0.89306640625,8,47
001395.mp4,31,0.6328125,3,49
001396.mp4,35,0.82373046875,3,45
001397.mp4,36,0.62890625,2,44
001398.mp4,33,0.60400390625,2,47
001399.mp4,35,0.6474609375,6,45
001400.mp4,33,0.5322265625,6,47
001401.mp4,36,0.810546875,5,44
001402.mp4,47,0.325439453125,5,33
001403.mp4,31,0.4755859375,1,49
001404.mp4,43,0.61767578125,5,37
001405.mp4,37,0.712890625,1,43
001406.mp4,36,0.96728515625,10,44
001407.mp4,37,0.44482421875,2,43
001408.mp4,42,0.865234375,4,38
001409.mp4,40,0.7373046875,5,40
001410.mp4,30,0.7421875,3,50
001411.mp4,47,0.79736328125,3,33
001412.mp4,35,0.91650390625,1,45
001413.mp4,39,0.8154296875,7,41
001414.mp4,42,0.31005859375,5,38
001415.mp4,37,0.876953125,1,43
001416.mp4,46,0.599609375,6,34
001417.mp4,30,0.9326171875,4,50
001418.mp4,33,1.0888671875,5,47
001419.mp4,46,0.54638671875,6,34
001420.mp4,35,0.95361328125,5,45
001421.mp4,43,0.434326171875,7,37
001422.mp4,44,0.80322265625,5,36
001423.mp4,44,0.59912109375,1,36
001424.mp4,34,0.78662109375,3,46
001425.mp4,46,0.48095703125,2,34
001426.mp4,36,0.89599609375,5,44
001427.mp4,30,0.38525390625,10,50
001428.mp4,37,0.69921875,7,43
001429.mp4,46,0.6455078125,2,34
001430.mp4,30,0.68359375,8,50
001431.mp4,30,0.94970703125,1,50
001432.mp4,45,0.576171875,1,35
001433.mp4,32,0.658203125,5,48
001434.mp4,33,0.68359375,8,47
001435.mp4,31,0.281494140625,8,49
001436.mp4,36,0.3603515625,1,44
001437.mp4,36,0.59375,6,44
001438.mp4,36,0.439697265625,1,44
001439.mp4,39,0.436767578125,0,41
001440.mp4,35,0.6787109375,5,45
001441.mp4,31,0.955078125,8,49
001442.mp4,46,0.60205078125,3,34
001443.mp4,43,0.7109375,5,37
001444.mp4,30,0.76220703125,4,50
001445.mp4,33,0.96875,5,47
001446.mp4,48,0.70654296875,3,32
001447.mp4,41,0.55029296875,2,39
001448.mp4,39,0.5791015625,4,41
001449.mp4,37,0.43212890625,6,43
001450.mp4,30,0.68310546875,2,50
001451.mp4,46,0.70263671875,2,34
001452.mp4,32,0.5771484375,8,48
001453.mp4,38,0.29541015625,7,42
001454.mp4,37,0.75439453125,9,43
001455.mp4,35,0.8779296875,6,45
001456.mp4,32,0.9208984375,3,48
001457.mp4,48,0.324951171875,5,32
001458.mp4,43,0.9462890625,5,37
001459.mp4,40,0.5380859375,2,40
001460.mp4,33,0.85009765625,4,47
001461.mp4,49,0.64599609375,2,31
001462.mp4,49,0.69970703125,4,31
001463.mp4,30,0.61328125,2,50
001464.mp4,37,0.414306640625,1,43
001465.mp4,33,0.52001953125,5,47
001466.mp4,30,0.86474609375,3,50
001467.mp4,36,0.84130859375,2,44
001468.mp4,45,0.51611328125,3,35
001469.mp4,35,0.56005859375,2,45
001470.mp4,41,0.603515625,1,39
001471.mp4,30,0.58447265625,5,50
001472.mp4,40,0.568359375,2,40
001473.mp4,44,0.53662109375,1,36
001474.mp4,39,0.37841796875,0,41
001475.mp4,30,0.67041015625,6,50
001476.mp4,34,0.73486328125,10,46
001477.mp4,31,0.69580078125,10,49
001478.mp4,49,0.53125,0,31
001479.mp4,30,0.99462890625,2,50
001480.mp4,45,0.3232421875,1,35
001481.mp4,33,1.16796875,2,47
001482.mp4,38,0.85693359375,8,42
001483.mp4,41,0.71630859375,4,39
001484.mp4,45,0.35302734375,6,35
001485.mp4,41,0.57861328125,2,39
001486.mp4,37,0.65087890625,5,43
001487.mp4,48,0.352294921875,1,32
001488.mp4,34,0.78515625,3,46
001489.mp4,37,0.82373046875,2,43
001490.mp4,33,0.75146484375,4,47
001491.mp4,37,0.413330078125,1,43
001492.mp4,38,0.701171875,3,42
001493.mp4,32,0.6806640625,3,48
001494.mp4,47,0.63134765625,2,33
001495.mp4,35,0.79248046875,3,45
001496.mp4,45,0.71435546875,4,35
001497.mp4,48,0.529296875,6,32
001498.mp4,47,0.5283203125,2,33
001499.mp4,45,0.6611328125,2,35
001500.mp4,45,0.7734375,3,35
